,population,gdp,gdp_per_capital
korea,5180,169320000,32687.258687258687
japan,12718,516700000,40627.457147350215
china,141500,1409250000,9959.363957597174
usa,35676,2041280000,57217.176813544116
